{
    "test": {
        "combined": {
            "loss": [
                0.6208439082335779,
                0.6177255121078087,
                0.6170471503189994,
                0.6256857110204397,
                0.6357988919724331,
                0.6283356148526966,
                0.6362887822633958,
                0.5519148387829489,
                0.5392862330245975,
                0.519918127011735,
                0.5066488272960505,
                0.5006792479502913,
                0.5149350117002953,
                0.6644598781095397,
                0.5102385238348255,
                0.5026667686376172,
                0.566254435144927,
                0.5579317205303802,
                0.5134976510542373,
                0.504140616932574
            ]
        },
        "label": {
            "accuracy": [
                0.6571248769760132,
                0.6599857807159424,
                0.6603485345840454,
                0.6516417264938354,
                0.638545572757721,
                0.6487780809402466,
                0.6458526253700256,
                0.716791570186615,
                0.7254547476768494,
                0.7386868596076965,
                0.7458170652389526,
                0.7494508028030396,
                0.745085597038269,
                0.660568118095398,
                0.74411541223526,
                0.7491934895515442,
                0.702226996421814,
                0.7180895209312439,
                0.7418009638786316,
                0.7475095987319946
            ],
            "loss": [
                0.6208438873291016,
                0.6177254915237427,
                0.617047131061554,
                0.6256856918334961,
                0.6357988715171814,
                0.6283355951309204,
                0.6362887620925903,
                0.5519148111343384,
                0.539286196231842,
                0.5199180841445923,
                0.5066487789154053,
                0.5006791949272156,
                0.5149349570274353,
                0.6644598245620728,
                0.5102384686470032,
                0.502666711807251,
                0.5662543773651123,
                0.557931661605835,
                0.5134975910186768,
                0.5041405558586121
            ],
            "roc_auc": [
                0.7126632332801819,
                0.7166303396224976,
                0.7191670536994934,
                0.7034522294998169,
                0.6994796395301819,
                0.7018854022026062,
                0.7058897018432617,
                0.7909961342811584,
                0.8037065267562866,
                0.8196742534637451,
                0.8280632495880127,
                0.8323721289634705,
                0.8261665105819702,
                0.7276240587234497,
                0.8274320363998413,
                0.8323625922203064,
                0.7795944213867188,
                0.8065083026885986,
                0.8236620426177979,
                0.8305783271789551
            ]
        }
    },
    "training": {
        "combined": {
            "loss": [
                0.6200798958863967,
                0.6169887987951075,
                0.6171167093878243,
                0.6268356634463341,
                0.6367715200901394,
                0.6264783940084602,
                0.6351883015361608,
                0.5504853972285648,
                0.5394804809028493,
                0.517671506292313,
                0.506565557373051,
                0.5002369199904493,
                0.5136601868823618,
                0.6636601034458991,
                0.5081964680296664,
                0.50073605430687,
                0.5668171025984847,
                0.5599311578647779,
                0.5145282745056576,
                0.5034559975511073
            ]
        },
        "label": {
            "accuracy": [
                0.6570974588394165,
                0.659661054611206,
                0.6601434350013733,
                0.6510855555534363,
                0.6384642720222473,
                0.6486749649047852,
                0.6449301242828369,
                0.7163379192352295,
                0.7255411148071289,
                0.7391440272331238,
                0.7460047602653503,
                0.7496364712715149,
                0.7452027797698975,
                0.6599992513656616,
                0.7444955110549927,
                0.7496415376663208,
                0.7022675275802612,
                0.7179353833198547,
                0.742045521736145,
                0.7477045655250549
            ],
            "loss": [
                0.6200798749923706,
                0.6169887781143188,
                0.6171166896820068,
                0.6268356442451477,
                0.6367715001106262,
                0.626478374004364,
                0.6351882815361023,
                0.550485372543335,
                0.539480447769165,
                0.5176714658737183,
                0.506565511226654,
                0.5002368688583374,
                0.5136601328849792,
                0.6636600494384766,
                0.5081964135169983,
                0.5007359981536865,
                0.566817045211792,
                0.5599310994148254,
                0.514528214931488,
                0.5034559369087219
            ],
            "roc_auc": [
                0.7125859260559082,
                0.7164041996002197,
                0.7188841104507446,
                0.7029738426208496,
                0.6989940404891968,
                0.7018687725067139,
                0.7055013179779053,
                0.7909102439880371,
                0.8036282062530518,
                0.819973349571228,
                0.8283140063285828,
                0.8327364325523376,
                0.8262588977813721,
                0.7271555662155151,
                0.8276433944702148,
                0.8327040672302246,
                0.7795195579528809,
                0.806372880935669,
                0.8237894773483276,
                0.8308008909225464
            ]
        }
    },
    "validation": {
        "combined": {
            "loss": [
                0.6200002044767903,
                0.6166224090024119,
                0.6164446668542443,
                0.6258540941445965,
                0.6361512743254902,
                0.6261053880424292,
                0.6340689263685384,
                0.5501336116370084,
                0.5389176355028162,
                0.5180178697219162,
                0.5061521403218059,
                0.49949159435503176,
                0.5101525133713984,
                0.6645285429633248,
                0.5096524905215638,
                0.49995734965528627,
                0.565991578400741,
                0.5636169304442546,
                0.5133823753658646,
                0.5036631834420646
            ]
        },
        "label": {
            "accuracy": [
                0.6573484539985657,
                0.6604965925216675,
                0.6606974005699158,
                0.6512529253959656,
                0.6386956572532654,
                0.6490378379821777,
                0.6454426646232605,
                0.716224193572998,
                0.7249200344085693,
                0.7385830283164978,
                0.745926022529602,
                0.7495338916778564,
                0.7450892329216003,
                0.6601177453994751,
                0.7441370487213135,
                0.749254047870636,
                0.7017871141433716,
                0.7180513143539429,
                0.741736650466919,
                0.7474868893623352
            ],