{
    "test": {
        "combined": {
            "loss": [
                0.6236689648490668,
                0.5993841271741687,
                0.5679108557624559,
                0.5459036435080762,
                0.5362919265625621,
                0.6880366447538648,
                0.5256926048745996,
                0.5979514934303012,
                0.5234320374894068,
                0.5096968024878095,
                0.5099317638226495,
                0.5035101979374872,
                0.5010983554438724,
                0.4997154381345439,
                0.49690826804635435,
                0.4952628221765778,
                0.49344857595365,
                0.49262856503116126,
                0.49146171463622323,
                0.4914959276546753
            ]
        },
        "label": {
            "accuracy": [
                0.6508347392082214,
                0.6727464199066162,
                0.7029061913490295,
                0.717035710811615,
                0.7244682312011719,
                0.6952963471412659,
                0.7332232594490051,
                0.6805298924446106,
                0.7346584796905518,
                0.7432534694671631,
                0.7421401143074036,
                0.7464485168457031,
                0.7493116855621338,
                0.7501531839370728,
                0.7515893578529358,
                0.7529486417770386,
                0.7544506788253784,
                0.7549680471420288,
                0.755279004573822,
                0.7561773657798767
            ],
            "loss": [
                0.623668909072876,
                0.599384069442749,
                0.5679107904434204,
                0.5459035634994507,
                0.5362918376922607,
                0.6880365610122681,
                0.5256925225257874,
                0.5979514122009277,
                0.5234319567680359,
                0.5096967220306396,
                0.5099316835403442,
                0.5035101175308228,
                0.5010982751846313,
                0.4997153580188751,
                0.49690818786621094,
                0.4952627420425415,
                0.49344849586486816,
                0.4926284849643707,
                0.4914616346359253,
                0.49149584770202637
            ],
            "roc_auc": [
                0.7064557075500488,
                0.736485481262207,
                0.7740753889083862,
                0.7934650778770447,
                0.8021547794342041,
                0.7459010481834412,
                0.8131414651870728,
                0.7444983720779419,
                0.8154420852661133,
                0.8253288865089417,
                0.8243371248245239,
                0.829826295375824,
                0.8327462673187256,
                0.8335489630699158,
                0.8352429270744324,
                0.8365966081619263,
                0.8381586670875549,
                0.839173436164856,
                0.839709460735321,
                0.8403265476226807
            ]
        }
    },
    "training": {
        "combined": {
            "loss": [
                0.6231419405924328,
                0.5993259525035448,
                0.5678793819725811,
                0.5476157220379179,
                0.5381250044861616,
                0.6882792376319316,
                0.5239829653928822,
                0.5971784812369165,
                0.5216537927217715,
                0.5083831162227597,
                0.509907445198607,
                0.5028732030480896,
                0.4990430681423348,
                0.49778189331841816,
                0.4956941810103501,
                0.4935566690412685,
                0.49154486322241553,
                0.49098279139133183,
                0.4884868170402328,
                0.4881958569110765
            ]
        },
        "label": {
            "accuracy": [
                0.6505638360977173,
                0.6724143028259277,
                0.7025742530822754,
                0.7167525887489319,
                0.7242888808250427,
                0.694776177406311,
                0.7330846786499023,
                0.6808283925056458,
                0.7346057891845703,
                0.7432437539100647,
                0.742119550704956,
                0.7468828558921814,
                0.7499668598175049,
                0.7504749298095703,
                0.7520748972892761,
                0.7535665035247803,
                0.7550974488258362,
                0.7557428479194641,
                0.756127655506134,
                0.7571475505828857
            ],
            "loss": [
                0.623141884803772,
                0.5993258953094482,
                0.567879319190979,
                0.547615647315979,
                0.5381249189376831,
                0.6882791519165039,
                0.5239828824996948,
                0.5971783995628357,
                0.5216537117958069,
                0.50838303565979,
                0.5099073648452759,
                0.5028731226921082,
                0.49904298782348633,
                0.49778181314468384,
                0.495694100856781,
                0.49355658888816833,
                0.49154478311538696,
                0.49098271131515503,
                0.48848673701286316,
                0.4881957769393921
            ],
            "roc_auc": [
                0.7062979936599731,
                0.7363588213920593,
                0.7738240957260132,
                0.7931927442550659,
                0.8020057082176208,
                0.7453560829162598,
                0.8132259845733643,
                0.7450117468833923,
                0.8154914975166321,
                0.8255298137664795,
                0.8244854807853699,
                0.8301608562469482,
                0.8332252502441406,
                0.8339823484420776,
                0.8357847929000854,
                0.8373276591300964,
                0.8390840888023376,
                0.8402162790298462,
                0.8407953977584839,
                0.841536283493042
            ]
        }
    },
    "validation": {
        "combined": {
            "loss": [
                0.6226322016704664,
                0.598786530672669,
                0.5679151456932203,
                0.5478754213708683,
                0.5386849316921385,
                0.6892962113903565,
                0.524371349067998,
                0.5965760569377352,
                0.5222285006370839,
                0.5099771232021695,
                0.511419913036157,
                0.5049929826521904,
                0.500754496287179,
                0.5001774635764136,
                0.4971177783552321,
                0.49568783310889586,
                0.49366207980354204,
                0.4932992066981967,
                0.49140106692807706,
                0.49114172706550363
            ]
        },
        "label": {
            "accuracy": [
                0.6509221792221069,
                0.673087477684021,
                0.7021823525428772,
                0.7156372666358948,
                0.7234309315681458,
                0.6944295763969421,
                0.7327018976211548,
                0.6803741455078125,
                0.7341392040252686,
                0.7428968548774719,
                0.7419883012771606,
                0.7467337250709534,
                0.7500008940696716,
                0.7502771019935608,
                0.751644492149353,
                0.75274658203125,
                0.7543593049049377,
                0.7549371123313904,
                0.7552105784416199,
                0.7559610605239868
            ],